{
  "drugs": {
    "aspirin": {
      "title": "Aspirin Rectal",
      "url": "https://medlineplus.gov/druginfo/meds/a621021.html",
      "search_term": "Aspirin",
      "side_effects": {
        "common": [],
        "serious": [
          "bloody vomit",
          "vomit that looks like coffee grounds",
          "bright red blood in stools",
          "black or tarry stools",
          "hives",
          "rash",
          "swelling of the eyes, face, lips, tongue, or throat",
          "wheezing or difficulty breathing",
          "ringing in the ears",
          "loss of hearing",
          "Aspirin may cause other side effects. Call your doctor if you have any unusual problems while you are using this medication.",
          "If you experience a serious side effect, you or your doctor may send a report to the Food and Drug Administration's (FDA) MedWatch Adverse Event Reporting program online (https://www.fda.gov/Safety/MedWatch) or by phone (1-800-332-1088)."
        ],
        "other": [],
        "metadata": {
          "sections_found": 2,
          "extraction_date": "2025-11-15T16:18:00.764743"
        }
      },
      "cached_at": "2025-11-15T16:18:00.825578"
    }
  },
  "metadata": {
    "last_updated": "2025-11-15T16:18:00.825586"
  }
}